XX,Month,Sex
01,January,Male
02,February,Male
03,March,Male
04,April,Male
05,May,Male
06,June,Male
07,July,Male
08,August,Male
09,September,Male
10,October,Male
11,November,Male
12,December,Male
21,January,Male
22,February,Male
23,March,Male
24,April,Male
25,May,Male
26,June,Male
27,July,Male
28,August,Male
29,September,Male
30,October,Male
31,November,Male
32,December,Male
51,January,Female
52,February,Female
53,March,Female
54,April,Female
55,May,Female
56,June,Female
57,July,Female
58,August,Female
59,September,Female
60,October,Female
61,November,Female
62,December,Female
71,January,Female
72,February,Female
73,March,Female
74,April,Female
75,May,Female
76,June,Female
77,July,Female
78,August,Female
79,September,Female
80,October,Female
81,November,Female
82,December,Female
TEST,TEST,TEST
